mes,share
1,0.012549
2,0.004241
3,0.003991
4,0.004858
5,0.004645
6,0.004291
7,0.011009
8,0.004775
9,0.004244
10,0.006257
11,0.004472
12,0.003505
