mes,disimilitud
1,0.0
2,0.91168
3,0.94443
4,0.90015
5,0.98411
