mes,reasignacion
3,0.20822
4,0.46931
5,2.3784
6,2.5769
7,1.43985
9,0.77791
10,0.67139
11,0.84613
