mes,share
1,0.0069
2,0.006633
3,0.005874
4,0.005703
5,0.006201
6,0.005296
7,0.00571
8,0.006377
9,0.005065
10,0.00523
11,0.006092
12,0.00517
