mes,share
1,0.010819
2,0.006308
3,0.005913
4,0.008019
5,0.006467
6,0.004207
7,0.006275
8,0.006466
9,0.006739
10,0.007012
11,0.007426
12,0.003322
