mes,share
1,0.007576
2,0.005413
3,0.005065
4,0.005866
5,0.004902
6,0.004642
7,0.005692
8,0.006124
9,0.005618
10,0.006504
11,0.006715
12,0.007053
