mes,share
1,0.006487
2,0.006732
3,0.004062
4,0.006158
5,0.004996
6,0.005046
7,0.005535
8,0.005041
9,0.00594
10,0.005934
11,0.003718
12,0.005446
