mes,share
1,0.004252
2,0.003633
3,0.0047
4,0.005184
5,0.003818
