mes,share
1,0.005585
2,0.005363
3,0.004545
4,0.005176
5,0.003996
6,0.004386
7,0.004252
8,0.004384
9,0.004181
10,0.004888
11,0.004413
12,0.004952
