mes,share
1,0.006386
2,0.004518
3,0.004268
4,0.004969
5,0.004129
6,0.00387
7,0.004754
8,0.00507
9,0.004607
10,0.005417
11,0.005547
12,0.005826
