mes,reasignacion
2,0.80096
3,1.7056
4,1.99557
5,5.21075
6,7.18516
7,9.24417
8,1.82086
9,1.55448
10,1.59731
11,0.49498
12,0.63627
