mes,share
1,0.006477
2,0.005217
3,0.004291
4,0.005297
5,0.00492
6,0.006094
7,0.005926
8,0.005766
9,0.004938
10,0.006039
11,0.005027
12,0.004644
