mes,share
1,0.016535
2,0.004085
3,0.004846
4,0.00625
5,0.005043
6,0.006559
7,0.009226
8,0.006945
9,0.005604
10,0.007142
11,0.005725
12,0.005603
