mes,share
1,0.005448
2,0.005459
3,0.003783
4,0.005416
5,0.006804
6,0.005806
7,0.005245
8,0.005675
9,0.004384
10,0.004791
11,0.006024
12,0.003273
