mes,disimilitud
1,0.0
5,26.95896
6,0.13775
8,1.34421
12,0.78108
