mes,share
1,0.007773
2,0.007578
3,0.005859
4,0.008226
5,0.007693
6,0.006748
7,0.006723
8,0.008135
9,0.005684
10,0.006799
11,0.00795
12,0.00403
