mes,share
1,0.007417
2,0.005876
3,0.00563
4,0.006688
5,0.005396
6,0.006825
7,0.007264
8,0.006506
9,0.003634
10,0.006858
11,0.00687
12,0.005567
