mes,share
1,0.00499
2,0.005692
3,0.003973
4,0.004043
5,0.004354
6,0.004206
7,0.004712
8,0.005315
9,0.004581
10,0.006287
11,0.005782
12,0.005193
