mes,share
1,0.007814
2,0.005487
3,0.004712
4,0.006309
5,0.006239
6,0.006031
7,0.005609
8,0.005737
9,0.005047
10,0.006342
11,0.006234
12,0.004926
