mes,share
1,0.007617
2,0.006956
3,0.004822
4,0.006616
5,0.006206
6,0.005587
7,0.005789
8,0.007048
9,0.005641
10,0.007313
11,0.005641
12,0.005848
