mes,reasignacion
5,26.95896
6,27.02734
8,1.296
12,1.84996
