mes,share
1,0.00578
2,0.006027
3,0.004229
4,0.006072
5,0.005993
6,0.005383
7,0.004321
8,0.006112
9,0.003729
10,0.007542
11,0.007077
12,0.003021
