mes,share
1,0.005274
2,0.004434
3,0.005695
4,0.00623
5,0.004778
