mes,disimilitud
1,0.00158
2,0.79968
3,1.3296
4,1.03344
5,4.76762
6,10.09093
7,1.74681
8,0.30354
9,1.63645
10,0.29451
11,0.50433
12,0.37894
