mes,share
1,0.006029
2,0.005082
3,0.005024
4,0.006281
5,0.004863
6,0.00543
7,0.004826
8,0.004877
9,0.005407
10,0.005267
11,0.004202
12,0.006921
