mes,disimilitud
1,0.0
2,0.98274
3,0.20822
4,0.45401
5,0.44558
6,0.52914
7,0.12035
8,0.94159
9,0.69205
10,0.52521
11,0.40892
12,0.76748
