mes,share
1,0.008034
2,0.007642
3,0.007552
4,0.010107
5,0.00726
6,0.007715
7,0.009434
8,0.00693
9,0.006455
10,0.009226
11,0.008988
12,0.005395
