mes,share
1,0.00473
2,0.004132
3,0.004089
4,0.005184
5,0.00379
6,0.004427
7,0.003889
8,0.00404
9,0.004427
10,0.004323
11,0.003365
12,0.006188
