mes,share
1,0.009175
2,0.007305
3,0.00539
4,0.005585
5,0.007445
6,0.005653
7,0.006662
8,0.00604
9,0.005315
10,0.005603
11,0.007447
12,0.004288
