mes,share
1,0.006766
2,0.005015
3,0.003951
4,0.004356
5,0.004921
6,0.005294
7,0.007119
8,0.005755
9,0.004893
10,0.005519
11,0.005116
12,0.004031
