mes,share
1,0.014562
2,0.00483
3,0.005479
4,0.0074
5,0.005608
6,0.006858
7,0.007426
8,0.006792
9,0.00564
10,0.007077
11,0.004807
12,0.006054
