mes,share
1,0.004385
2,0.004479
3,0.005749
4,0.004952
5,0.00413
6,0.005329
7,0.004089
8,0.004243
9,0.00402
10,0.004748
11,0.004317
12,0.007306
