mes,disimilitud
1,0.0
3,0.20822
4,0.48098
5,2.6788
6,1.43644
7,0.12035
9,0.69227
10,0.62427
11,0.43321
