mes,disimilitud
1,0.0
2,0.89286
3,0.83178
4,0.85634
5,0.74409
6,0.13775
7,0.88038
8,0.57
9,0.80177
10,0.9443
11,0.87566
12,0.21553
