mes,share
1,0.005395
2,0.005677
3,0.006879
4,0.006101
5,0.005122
6,0.006491
7,0.005159
8,0.005077
9,0.005037
10,0.005812
11,0.0053
12,0.008653
