mes,share
1,0.007724
2,0.00583
3,0.005292
4,0.003848
5,0.003783
6,0.003979
7,0.004449
8,0.004247
9,0.003973
10,0.004795
11,0.005202
12,0.005747
