mes,disimilitud
1,0.00158
2,0.79968
3,0.41952
4,0.9366
5,0.40865
6,0.57458
7,0.40026
8,0.30354
9,0.8897
10,0.29451
11,0.4263
12,0.37749
