mes,share
1,0.00796
2,0.008671
3,0.004115
4,0.005846
5,0.005857
6,0.008069
7,0.006991
8,0.007457
9,0.005301
10,0.007595
11,0.010231
12,0.005465
